--
-- PostgreSQL database dump
--

-- Dumped from database version 16.3
-- Dumped by pg_dump version 16.3

SET statement_timeout = 0;
SET lock_timeout = 0;
SET idle_in_transaction_session_timeout = 0;
SET client_encoding = 'UTF8';
SET standard_conforming_strings = on;
SELECT pg_catalog.set_config('search_path', '', false);
SET check_function_bodies = false;
SET xmloption = content;
SET client_min_messages = warning;
SET row_security = off;

SET default_tablespace = '';

SET default_table_access_method = heap;

--
-- TOC entry 218 (class 1259 OID 21982)
-- Name: comments; Type: TABLE; Schema: public; Owner: postgres
--

CREATE TABLE public.comments (
                                 comment_id bigint NOT NULL,
                                 content character varying(255) NOT NULL,
                                 "timestamp" timestamp(6) without time zone,
                                 employee_id integer,
                                 post_id integer
);


ALTER TABLE public.comments OWNER TO postgres;

--
-- TOC entry 217 (class 1259 OID 21981)
-- Name: comments_comment_id_seq; Type: SEQUENCE; Schema: public; Owner: postgres
--

ALTER TABLE public.comments ALTER COLUMN comment_id ADD GENERATED BY DEFAULT AS IDENTITY (
    SEQUENCE NAME public.comments_comment_id_seq
    START WITH 1
    INCREMENT BY 1
    NO MINVALUE
    NO MAXVALUE
    CACHE 1
);


--
-- TOC entry 220 (class 1259 OID 21988)
-- Name: communities; Type: TABLE; Schema: public; Owner: postgres
--

CREATE TABLE public.communities (
                                    community_id integer NOT NULL,
                                    description character varying(255),
                                    name character varying(255) NOT NULL,
                                    type character varying(255) NOT NULL,
                                    creator_id integer,
                                    CONSTRAINT communities_type_check CHECK (((type)::text = ANY ((ARRAY['open'::character varying, 'closed'::character varying])::text[])))
);


ALTER TABLE public.communities OWNER TO postgres;

--
-- TOC entry 219 (class 1259 OID 21987)
-- Name: communities_community_id_seq; Type: SEQUENCE; Schema: public; Owner: postgres
--

ALTER TABLE public.communities ALTER COLUMN community_id ADD GENERATED BY DEFAULT AS IDENTITY (
    SEQUENCE NAME public.communities_community_id_seq
    START WITH 1
    INCREMENT BY 1
    NO MINVALUE
    NO MAXVALUE
    CACHE 1
);


--
-- TOC entry 221 (class 1259 OID 21996)
-- Name: community_members; Type: TABLE; Schema: public; Owner: postgres
--

CREATE TABLE public.community_members (
                                          role character varying(255) NOT NULL,
                                          community_id integer NOT NULL,
                                          employee_id integer NOT NULL,
                                          CONSTRAINT community_members_role_check CHECK (((role)::text = ANY ((ARRAY['admin'::character varying, 'member'::character varying])::text[])))
);


ALTER TABLE public.community_members OWNER TO postgres;

--
-- TOC entry 223 (class 1259 OID 22003)
-- Name: community_membership_requests; Type: TABLE; Schema: public; Owner: postgres
--

CREATE TABLE public.community_membership_requests (
                                                      request_id integer NOT NULL,
                                                      approval_timestamp timestamp(6) without time zone,
                                                      request_timestamp timestamp(6) without time zone,
                                                      status character varying(255) NOT NULL,
                                                      approver_id integer,
                                                      community_id integer,
                                                      employee_id integer,
                                                      CONSTRAINT community_membership_requests_status_check CHECK (((status)::text = ANY ((ARRAY['pending'::character varying, 'approved'::character varying, 'rejected'::character varying])::text[])))
);


ALTER TABLE public.community_membership_requests OWNER TO postgres;

--
-- TOC entry 222 (class 1259 OID 22002)
-- Name: community_membership_requests_request_id_seq; Type: SEQUENCE; Schema: public; Owner: postgres
--

ALTER TABLE public.community_membership_requests ALTER COLUMN request_id ADD GENERATED BY DEFAULT AS IDENTITY (
    SEQUENCE NAME public.community_membership_requests_request_id_seq
    START WITH 1
    INCREMENT BY 1
    NO MINVALUE
    NO MAXVALUE
    CACHE 1
);


--
-- TOC entry 225 (class 1259 OID 22010)
-- Name: departments; Type: TABLE; Schema: public; Owner: postgres
--

CREATE TABLE public.departments (
                                    department_id integer NOT NULL,
                                    name character varying(255) NOT NULL,
                                    head_id integer
);


ALTER TABLE public.departments OWNER TO postgres;

--
-- TOC entry 224 (class 1259 OID 22009)
-- Name: departments_department_id_seq; Type: SEQUENCE; Schema: public; Owner: postgres
--

ALTER TABLE public.departments ALTER COLUMN department_id ADD GENERATED BY DEFAULT AS IDENTITY (
    SEQUENCE NAME public.departments_department_id_seq
    START WITH 1
    INCREMENT BY 1
    NO MINVALUE
    NO MAXVALUE
    CACHE 1
);


--
-- TOC entry 227 (class 1259 OID 22016)
-- Name: education; Type: TABLE; Schema: public; Owner: postgres
--

CREATE TABLE public.education (
                                  education_id integer NOT NULL,
                                  degree character varying(255),
                                  end_year integer,
                                  specialty character varying(255),
                                  start_year integer,
                                  university character varying(255),
                                  employee_id integer
);


ALTER TABLE public.education OWNER TO postgres;

--
-- TOC entry 226 (class 1259 OID 22015)
-- Name: education_education_id_seq; Type: SEQUENCE; Schema: public; Owner: postgres
--

ALTER TABLE public.education ALTER COLUMN education_id ADD GENERATED BY DEFAULT AS IDENTITY (
    SEQUENCE NAME public.education_education_id_seq
    START WITH 1
    INCREMENT BY 1
    NO MINVALUE
    NO MAXVALUE
    CACHE 1
);


--
-- TOC entry 228 (class 1259 OID 22023)
-- Name: employee_profiles; Type: TABLE; Schema: public; Owner: postgres
--

CREATE TABLE public.employee_profiles (
                                          employee_id integer NOT NULL,
                                          about_me character varying(255),
                                          birthday date,
                                          city character varying(255),
                                          employment_status character varying(255),
                                          hobbies character varying(255),
                                          status_comment character varying(255),
                                          status_state character varying(255),
                                          CONSTRAINT employee_profiles_employment_status_check CHECK (((employment_status)::text = ANY ((ARRAY['permanent'::character varying, 'temporary'::character varying])::text[])))
);


ALTER TABLE public.employee_profiles OWNER TO postgres;

--
-- TOC entry 229 (class 1259 OID 22031)
-- Name: employee_projects; Type: TABLE; Schema: public; Owner: postgres
--

CREATE TABLE public.employee_projects (
                                          employee_id integer NOT NULL,
                                          project_id integer NOT NULL
);


ALTER TABLE public.employee_projects OWNER TO postgres;

--
-- TOC entry 230 (class 1259 OID 22036)
-- Name: employee_skills; Type: TABLE; Schema: public; Owner: postgres
--

CREATE TABLE public.employee_skills (
                                        confirmation_date date,
                                        confirmation_document_url character varying(255),
                                        confirmation_method character varying(255),
                                        confirmation_status character varying(255),
                                        proficiency_level integer,
                                        employee_id integer NOT NULL,
                                        skill_id integer NOT NULL,
                                        CONSTRAINT employee_skills_confirmation_method_check CHECK (((confirmation_method)::text = ANY ((ARRAY['certificate'::character varying, 'interview'::character varying, 'exam'::character varying, 'diploma'::character varying])::text[]))),
    CONSTRAINT employee_skills_confirmation_status_check CHECK (((confirmation_status)::text = ANY ((ARRAY['unconfirmed'::character varying, 'confirmed'::character varying])::text[])))
);


ALTER TABLE public.employee_skills OWNER TO postgres;

--
-- TOC entry 232 (class 1259 OID 22046)
-- Name: employees; Type: TABLE; Schema: public; Owner: postgres
--

CREATE TABLE public.employees (
                                  employee_id integer NOT NULL,
                                  email character varying(255),
                                  full_name character varying(255) NOT NULL,
                                  mattermost character varying(255),
                                  online_status boolean,
                                  password_hash character varying(255) NOT NULL,
                                  photo_url character varying(255),
                                  "position" character varying(255),
                                  profile_level character varying(255),
                                  role character varying(255),
                                  telegram character varying(255),
                                  work_status character varying(255),
                                  workplace character varying(255),
                                  department_id integer,
                                  legal_entity_id integer,
                                  subdivision_id integer,
                                  supervisor_id integer,
                                  CONSTRAINT employees_role_check CHECK (((role)::text = ANY ((ARRAY['employee'::character varying, 'supervisor'::character varying, 'admin'::character varying])::text[]))),
    CONSTRAINT employees_work_status_check CHECK (((work_status)::text = ANY ((ARRAY['in_office'::character varying, 'remote'::character varying, 'sick_leave'::character varying, 'vacation'::character varying])::text[])))
);


ALTER TABLE public.employees OWNER TO postgres;

--
-- TOC entry 231 (class 1259 OID 22045)
-- Name: employees_employee_id_seq; Type: SEQUENCE; Schema: public; Owner: postgres
--

ALTER TABLE public.employees ALTER COLUMN employee_id ADD GENERATED BY DEFAULT AS IDENTITY (
    SEQUENCE NAME public.employees_employee_id_seq
    START WITH 1
    INCREMENT BY 1
    NO MINVALUE
    NO MAXVALUE
    CACHE 1
);


--
-- TOC entry 234 (class 1259 OID 22056)
-- Name: gratitude_achievements; Type: TABLE; Schema: public; Owner: postgres
--

CREATE TABLE public.gratitude_achievements (
                                               ga_id integer NOT NULL,
                                               card_url character varying(255),
                                               content character varying(255),
                                               "timestamp" timestamp(6) without time zone,
                                               type character varying(255) NOT NULL,
                                               receiver_id integer,
                                               sender_id integer,
                                               CONSTRAINT gratitude_achievements_type_check CHECK (((type)::text = ANY ((ARRAY['gratitude'::character varying, 'achievement'::character varying])::text[])))
);


ALTER TABLE public.gratitude_achievements OWNER TO postgres;

--
-- TOC entry 233 (class 1259 OID 22055)
-- Name: gratitude_achievements_ga_id_seq; Type: SEQUENCE; Schema: public; Owner: postgres
--

ALTER TABLE public.gratitude_achievements ALTER COLUMN ga_id ADD GENERATED BY DEFAULT AS IDENTITY (
    SEQUENCE NAME public.gratitude_achievements_ga_id_seq
    START WITH 1
    INCREMENT BY 1
    NO MINVALUE
    NO MAXVALUE
    CACHE 1
);


--
-- TOC entry 216 (class 1259 OID 21976)
-- Name: legal_entities; Type: TABLE; Schema: public; Owner: postgres
--

CREATE TABLE public.legal_entities (
                                       legal_entity_id integer NOT NULL,
                                       name character varying(255) NOT NULL
);


ALTER TABLE public.legal_entities OWNER TO postgres;

--
-- TOC entry 215 (class 1259 OID 21975)
-- Name: legal_entities_legal_entity_id_seq; Type: SEQUENCE; Schema: public; Owner: postgres
--

ALTER TABLE public.legal_entities ALTER COLUMN legal_entity_id ADD GENERATED BY DEFAULT AS IDENTITY (
    SEQUENCE NAME public.legal_entities_legal_entity_id_seq
    START WITH 1
    INCREMENT BY 1
    NO MINVALUE
    NO MAXVALUE
    CACHE 1
);


--
-- TOC entry 236 (class 1259 OID 22065)
-- Name: likes; Type: TABLE; Schema: public; Owner: postgres
--

CREATE TABLE public.likes (
                              like_id integer NOT NULL,
                              "timestamp" timestamp(6) without time zone,
                              employee_id integer,
                              post_id integer
);


ALTER TABLE public.likes OWNER TO postgres;

--
-- TOC entry 235 (class 1259 OID 22064)
-- Name: likes_like_id_seq; Type: SEQUENCE; Schema: public; Owner: postgres
--

ALTER TABLE public.likes ALTER COLUMN like_id ADD GENERATED BY DEFAULT AS IDENTITY (
    SEQUENCE NAME public.likes_like_id_seq
    START WITH 1
    INCREMENT BY 1
    NO MINVALUE
    NO MAXVALUE
    CACHE 1
);


--
-- TOC entry 238 (class 1259 OID 22071)
-- Name: posts; Type: TABLE; Schema: public; Owner: postgres
--

CREATE TABLE public.posts (
                              post_id integer NOT NULL,
                              content character varying(255) NOT NULL,
                              media_type character varying(255),
                              media_url character varying(255),
                              "timestamp" timestamp(6) without time zone,
                              type character varying(255) NOT NULL,
                              community_id integer,
                              employee_id integer,
                              CONSTRAINT posts_type_check CHECK (((type)::text = ANY ((ARRAY['news'::character varying, 'announcement'::character varying, 'discussion'::character varying])::text[])))
);


ALTER TABLE public.posts OWNER TO postgres;

--
-- TOC entry 237 (class 1259 OID 22070)
-- Name: posts_post_id_seq; Type: SEQUENCE; Schema: public; Owner: postgres
--

ALTER TABLE public.posts ALTER COLUMN post_id ADD GENERATED BY DEFAULT AS IDENTITY (
    SEQUENCE NAME public.posts_post_id_seq
    START WITH 1
    INCREMENT BY 1
    NO MINVALUE
    NO MAXVALUE
    CACHE 1
);


--
-- TOC entry 240 (class 1259 OID 22080)
-- Name: projects; Type: TABLE; Schema: public; Owner: postgres
--

CREATE TABLE public.projects (
                                 project_id integer NOT NULL,
                                 confluence_url character varying(255),
                                 description character varying(255),
                                 name character varying(255) NOT NULL
);


ALTER TABLE public.projects OWNER TO postgres;

--
-- TOC entry 239 (class 1259 OID 22079)
-- Name: projects_project_id_seq; Type: SEQUENCE; Schema: public; Owner: postgres
--

ALTER TABLE public.projects ALTER COLUMN project_id ADD GENERATED BY DEFAULT AS IDENTITY (
    SEQUENCE NAME public.projects_project_id_seq
    START WITH 1
    INCREMENT BY 1
    NO MINVALUE
    NO MAXVALUE
    CACHE 1
);


--
-- TOC entry 242 (class 1259 OID 22088)
-- Name: skill_confirmation_requests; Type: TABLE; Schema: public; Owner: postgres
--

CREATE TABLE public.skill_confirmation_requests (
                                                    request_id integer NOT NULL,
                                                    approval_date date,
                                                    requested_proficiency_level integer,
                                                    status character varying(255) NOT NULL,
                                                    approver_id integer,
                                                    employee_id integer,
                                                    skill_id integer,
                                                    created_date date NOT NULL,
                                                    CONSTRAINT skill_confirmation_requests_status_check CHECK (((status)::text = ANY ((ARRAY['pending'::character varying, 'approved'::character varying, 'rejected'::character varying])::text[])))
);


ALTER TABLE public.skill_confirmation_requests OWNER TO postgres;

--
-- TOC entry 241 (class 1259 OID 22087)
-- Name: skill_confirmation_requests_request_id_seq; Type: SEQUENCE; Schema: public; Owner: postgres
--

ALTER TABLE public.skill_confirmation_requests ALTER COLUMN request_id ADD GENERATED BY DEFAULT AS IDENTITY (
    SEQUENCE NAME public.skill_confirmation_requests_request_id_seq
    START WITH 1
    INCREMENT BY 1
    NO MINVALUE
    NO MAXVALUE
    CACHE 1
);


--
-- TOC entry 243 (class 1259 OID 22094)
-- Name: skill_grade_descriptions; Type: TABLE; Schema: public; Owner: postgres
--

CREATE TABLE public.skill_grade_descriptions (
                                                 grade integer NOT NULL,
                                                 description character varying(255) NOT NULL,
                                                 skill_id integer NOT NULL
);


ALTER TABLE public.skill_grade_descriptions OWNER TO postgres;

--
-- TOC entry 245 (class 1259 OID 22100)
-- Name: skill_suggestions; Type: TABLE; Schema: public; Owner: postgres
--

CREATE TABLE public.skill_suggestions (
                                          suggestion_id integer NOT NULL,
                                          approval_date date,
                                          skill_name character varying(255) NOT NULL,
                                          skill_type character varying(255),
                                          status character varying(255) NOT NULL,
                                          approved_by integer,
                                          suggested_by integer,
                                          CONSTRAINT skill_suggestions_status_check CHECK (((status)::text = ANY ((ARRAY['pending'::character varying, 'approved'::character varying, 'rejected'::character varying])::text[])))
);


ALTER TABLE public.skill_suggestions OWNER TO postgres;

--
-- TOC entry 244 (class 1259 OID 22099)
-- Name: skill_suggestions_suggestion_id_seq; Type: SEQUENCE; Schema: public; Owner: postgres
--

ALTER TABLE public.skill_suggestions ALTER COLUMN suggestion_id ADD GENERATED BY DEFAULT AS IDENTITY (
    SEQUENCE NAME public.skill_suggestions_suggestion_id_seq
    START WITH 1
    INCREMENT BY 1
    NO MINVALUE
    NO MAXVALUE
    CACHE 1
);


--
-- TOC entry 247 (class 1259 OID 22109)
-- Name: skills; Type: TABLE; Schema: public; Owner: postgres
--

CREATE TABLE public.skills (
                               skill_id integer NOT NULL,
                               name character varying(255) NOT NULL,
                               type character varying(255)
);


ALTER TABLE public.skills OWNER TO postgres;

--
-- TOC entry 246 (class 1259 OID 22108)
-- Name: skills_skill_id_seq; Type: SEQUENCE; Schema: public; Owner: postgres
--

ALTER TABLE public.skills ALTER COLUMN skill_id ADD GENERATED BY DEFAULT AS IDENTITY (
    SEQUENCE NAME public.skills_skill_id_seq
    START WITH 1
    INCREMENT BY 1
    NO MINVALUE
    NO MAXVALUE
    CACHE 1
);


--
-- TOC entry 249 (class 1259 OID 22117)
-- Name: subdivisions; Type: TABLE; Schema: public; Owner: postgres
--

CREATE TABLE public.subdivisions (
                                     subdivision_id integer NOT NULL,
                                     name character varying(255) NOT NULL,
                                     department_id integer,
                                     head_id integer
);


ALTER TABLE public.subdivisions OWNER TO postgres;

--
-- TOC entry 248 (class 1259 OID 22116)
-- Name: subdivisions_subdivision_id_seq; Type: SEQUENCE; Schema: public; Owner: postgres
--

ALTER TABLE public.subdivisions ALTER COLUMN subdivision_id ADD GENERATED BY DEFAULT AS IDENTITY (
    SEQUENCE NAME public.subdivisions_subdivision_id_seq
    START WITH 1
    INCREMENT BY 1
    NO MINVALUE
    NO MAXVALUE
    CACHE 1
);


--
-- TOC entry 5011 (class 0 OID 21982)
-- Dependencies: 218
-- Data for Name: comments; Type: TABLE DATA; Schema: public; Owner: postgres
--

INSERT INTO public.comments VALUES (13, 'string', '2025-05-29 17:31:02.43231', 3, 1);
INSERT INTO public.comments VALUES (11, 'коммент 4', '2025-05-24 17:43:25.135987', 5, 9);
INSERT INTO public.comments VALUES (9, 'коммент 2', '2025-05-24 17:39:11.542973', 5, 1);
INSERT INTO public.comments VALUES (6, 'коммент', '2025-05-24 17:32:25.248139', 3, 9);
INSERT INTO public.comments VALUES (4, 'замечательно', '2025-05-24 17:31:12.181696', 3, 1);
INSERT INTO public.comments VALUES (10, 'коммент 3', '2025-05-24 17:43:21.285043', 5, 9);
INSERT INTO public.comments VALUES (2, 'Круто', '2025-05-24 17:31:04.295623', 3, 1);
INSERT INTO public.comments VALUES (5, 'класс', '2025-05-24 17:31:18.556377', 3, 1);
INSERT INTO public.comments VALUES (3, 'красиво', '2025-05-24 17:31:07.580402', 3, 1);


--
-- TOC entry 5013 (class 0 OID 21988)
-- Dependencies: 220
-- Data for Name: communities; Type: TABLE DATA; Schema: public; Owner: postgres
--

INSERT INTO public.communities VALUES (6, 'описание сообщества', 'striавыаывng', 'open', 5);
INSERT INTO public.communities VALUES (8, 'описание сообщества', 'stiывng', 'closed', 5);
INSERT INTO public.communities VALUES (2, 'описание сообщества', 'closecom', 'closed', 3);
INSERT INTO public.communities VALUES (7, 'описание сообщества', 'striавыsdfsdаывng', 'open', 5);
INSERT INTO public.communities VALUES (1, 'описание сообщества', 'первое сообщество', 'open', 3);
INSERT INTO public.communities VALUES (5, 'описание сообщества', 'strinssssgfgfsg', 'closed', 3);
INSERT INTO public.communities VALUES (3, 'описание сообщества', 'closedUsers', 'closed', 5);
INSERT INTO public.communities VALUES (4, 'описание сообщества', 'strinsssssg', 'open', 3);


--
-- TOC entry 5014 (class 0 OID 21996)
-- Dependencies: 221
-- Data for Name: community_members; Type: TABLE DATA; Schema: public; Owner: postgres
--

INSERT INTO public.community_members VALUES ('admin', 1, 3);
INSERT INTO public.community_members VALUES ('admin', 2, 3);
INSERT INTO public.community_members VALUES ('member', 2, 5);
INSERT INTO public.community_members VALUES ('admin', 3, 5);
INSERT INTO public.community_members VALUES ('admin', 4, 3);
INSERT INTO public.community_members VALUES ('member', 4, 5);
INSERT INTO public.community_members VALUES ('admin', 5, 3);
INSERT INTO public.community_members VALUES ('member', 5, 5);
INSERT INTO public.community_members VALUES ('member', 3, 3);
INSERT INTO public.community_members VALUES ('admin', 6, 5);
INSERT INTO public.community_members VALUES ('member', 6, 3);
INSERT INTO public.community_members VALUES ('admin', 7, 5);
INSERT INTO public.community_members VALUES ('admin', 8, 5);


--
-- TOC entry 5016 (class 0 OID 22003)
-- Dependencies: 223
-- Data for Name: community_membership_requests; Type: TABLE DATA; Schema: public; Owner: postgres
--

INSERT INTO public.community_membership_requests VALUES (1, '2025-05-25 16:38:17.731553', '2025-05-25 16:37:02.879267', 'approved', 3, 2, 5);
INSERT INTO public.community_membership_requests VALUES (2, '2025-05-25 16:45:48.333871', '2025-05-25 16:40:14.595911', 'rejected', 5, 3, 3);
INSERT INTO public.community_membership_requests VALUES (3, '2025-05-25 16:46:41.628695', '2025-05-25 16:46:12.762513', 'approved', 5, 3, 3);
INSERT INTO public.community_membership_requests VALUES (4, '2025-05-25 16:54:13.321312', '2025-05-25 16:53:26.14225', 'approved', 3, 5, 5);
INSERT INTO public.community_membership_requests VALUES (5, '2025-05-25 18:06:35.346945', '2025-05-25 18:06:01.050638', 'approved', 5, 3, 3);
INSERT INTO public.community_membership_requests VALUES (6, '2025-05-25 18:51:26.127775', '2025-05-25 18:50:51.036473', 'approved', 5, 8, 3);


--
-- TOC entry 5018 (class 0 OID 22010)
-- Dependencies: 225
-- Data for Name: departments; Type: TABLE DATA; Schema: public; Owner: postgres
--

INSERT INTO public.departments VALUES (6, 'IT Department', 3);
INSERT INTO public.departments VALUES (7, 'HR Department', 3);
INSERT INTO public.departments VALUES (5, 'department 55', 3);
INSERT INTO public.departments VALUES (1, 'department 1', 3);
INSERT INTO public.departments VALUES (3, 'department 3', 3);
INSERT INTO public.departments VALUES (8, 'department 4', 3);
INSERT INTO public.departments VALUES (2, 'department 2', 3);


--
-- TOC entry 5020 (class 0 OID 22016)
-- Dependencies: 227
-- Data for Name: education; Type: TABLE DATA; Schema: public; Owner: postgres
--

INSERT INTO public.education VALUES (5, 'string', 2023, 'радиотехника', 2022, 'urfu', 5);
INSERT INTO public.education VALUES (3, 'string', 2027, 'программка', 2014, 'urfu', 3);
INSERT INTO public.education VALUES (4, 'string', 2021, 'ивт', 2020, 'urfu', 5);
INSERT INTO public.education VALUES (1, 'string', 2004, 'прикладная инфа', 1997, 'urfu', 3);


--
-- TOC entry 5021 (class 0 OID 22023)
-- Dependencies: 228
-- Data for Name: employee_profiles; Type: TABLE DATA; Schema: public; Owner: postgres
--

INSERT INTO public.employee_profiles VALUES (3, 'я админка', NULL, 'Питер', 'permanent', 'чтение, футбол', 'статус коммент', 'статус стате');
INSERT INTO public.employee_profiles VALUES (4, 'я работник работаю', NULL, 'ekb', 'temporary', 'programming', 'статус коммент', 'статус стате');
INSERT INTO public.employee_profiles VALUES (5, 'я тоже работник', NULL, 'Москва', 'permanent', 'Теннис, баскетбол', 'статус коммент', 'статус стате');


--
-- TOC entry 5022 (class 0 OID 22031)
-- Dependencies: 229
-- Data for Name: employee_projects; Type: TABLE DATA; Schema: public; Owner: postgres
--

INSERT INTO public.employee_projects VALUES (5, 4);
INSERT INTO public.employee_projects VALUES (4, 4);
INSERT INTO public.employee_projects VALUES (3, 2);
INSERT INTO public.employee_projects VALUES (4, 3);


--
-- TOC entry 5023 (class 0 OID 22036)
-- Dependencies: 230
-- Data for Name: employee_skills; Type: TABLE DATA; Schema: public; Owner: postgres
--

INSERT INTO public.employee_skills VALUES ('2025-05-27', 'http://localhost:9000/skill-docs/e31fbd4a-4285-4d43-ba3e-9747ff5d97e7-_6da1b801-4f37-4d50-bd9f-86238d49ef05.jpeg', 'certificate', 'confirmed', 4, 3, 3);
INSERT INTO public.employee_skills VALUES ('2025-05-27', NULL, 'interview', 'confirmed', 5, 3, 2);


--
-- TOC entry 5025 (class 0 OID 22046)
-- Dependencies: 232
-- Data for Name: employees; Type: TABLE DATA; Schema: public; Owner: postgres
--

INSERT INTO public.employees VALUES (3, 'admin@mail.ru', 'Админов Админ Админович', 'admin.adminov', false, '$2a$10$y1GQ8zw/AAccxbv2uo429eeLjjzhGwhL3Hd06fEzYxrMkkpwL1Poi', 'http://localhost:9000/icons/a6b105ef-f2cc-49bb-99b3-e83314c547db-icon_dragon.png', 'Разработчик', '2 level', 'admin', '@Admin', 'in_office', 'Офис 123', 1, 1, 2, 3);
INSERT INTO public.employees VALUES (5, 'ivanaa.ivanov@company.com', 'Иванaaa Иванов', 'ivanaaa.ivanov', false, '$2a$10$c394.8o.9cQMT9jODCnGP.5reSsh2E8BI9yd0pieMTbd2koLlfdWK', NULL, 'Разработчик', '1 level', 'employee', '@Ivaaaanov', 'in_office', 'Офис 123', 2, 2, 3, 3);
INSERT INTO public.employees VALUES (4, 'user@mail.ru', 'user', 'user.mattermost', false, '$2a$10$GQtpHbHHAf7Yn2XGlXihsO0OiuezcfYZEbMe5qW5HRvsmgVoNrPFG', NULL, 'Разработчик', '3 level', 'employee', '@ada', 'sick_leave', 'Офис 123', 1, 2, 1, 3);


--
-- TOC entry 5027 (class 0 OID 22056)
-- Dependencies: 234
-- Data for Name: gratitude_achievements; Type: TABLE DATA; Schema: public; Owner: postgres
--

INSERT INTO public.gratitude_achievements VALUES (2, NULL, 'string', '2025-05-28 19:07:15.800531', 'achievement', 4, 3);


--
-- TOC entry 5009 (class 0 OID 21976)
-- Dependencies: 216
-- Data for Name: legal_entities; Type: TABLE DATA; Schema: public; Owner: postgres
--

INSERT INTO public.legal_entities VALUES (1, 'ОООО');
INSERT INTO public.legal_entities VALUES (2, 'b');
INSERT INTO public.legal_entities VALUES (4, 'c');


--
-- TOC entry 5029 (class 0 OID 22065)
-- Dependencies: 236
-- Data for Name: likes; Type: TABLE DATA; Schema: public; Owner: postgres
--

INSERT INTO public.likes VALUES (2, '2025-05-20 14:01:35.305597', 3, 1);
INSERT INTO public.likes VALUES (3, '2025-05-20 14:06:03.011822', 3, 10);
INSERT INTO public.likes VALUES (4, '2025-05-25 17:55:24.022253', 3, 16);
INSERT INTO public.likes VALUES (5, '2025-05-25 17:56:53.593405', 5, 16);
INSERT INTO public.likes VALUES (6, '2025-05-25 18:44:25.681285', 3, 18);


--
-- TOC entry 5031 (class 0 OID 22071)
-- Dependencies: 238
-- Data for Name: posts; Type: TABLE DATA; Schema: public; Owner: postgres
--

INSERT INTO public.posts VALUES (1, 'Обновленный текст поста...', 'image/jpeg', 'http://example.com/new_image.jpg', '2025-05-17 16:37:25.221589', 'discussion', NULL, 3);
INSERT INTO public.posts VALUES (3, 'Привет, команда! Делюсь новостями нашего проекта...', 'image/jpeg', 'http://example.com/image.jpg', '2025-05-17 16:38:53.66101', 'news', NULL, 3);
INSERT INTO public.posts VALUES (4, 'Привет, команда! Делюсь новостями нашего проекта...', 'image/jpeg', 'http://example.com/image.jpg', '2025-05-17 16:38:54.546402', 'news', NULL, 3);
INSERT INTO public.posts VALUES (8, 'adasdasdПривет, команда! Делюсь новостями нашего проекта...', 'image/jpeg', 'http://example.com/image.jpg', '2025-05-17 17:21:29.037547', 'news', NULL, 5);
INSERT INTO public.posts VALUES (9, 'sssssdПривет, команда! Делюсь новостями нашего проекта...', 'image/jpeg', 'http://example.com/image.jpg', '2025-05-17 17:21:40.485066', 'news', NULL, 5);
INSERT INTO public.posts VALUES (10, 'aaaasssssdПривет, команда! Делюсь новостями нашего проекта...', 'image/jpeg', 'http://example.com/image.jpg', '2025-05-17 17:21:43.758237', 'news', NULL, 5);
INSERT INTO public.posts VALUES (13, 'вниимание', NULL, NULL, '2025-05-23 17:30:55.536043', 'discussion', NULL, 3);
INSERT INTO public.posts VALUES (14, 'добрый дкень', 'image/png', 'http://localhost:9000/posts/aead2d15-c49d-4ba7-8bcb-0ab329d100a3-wallhaven-rr85dm_1920x1080.png', '2025-05-23 17:31:46.623213', 'announcement', NULL, 3);
INSERT INTO public.posts VALUES (15, 'дарова', 'image/jpeg', 'http://localhost:9000/posts/904a2591-f5a3-49e9-aaf2-b806d3d45cee-3da3dfb52cb282b934de498bdbc94760.jpg', '2025-05-24 16:47:26.936751', 'announcement', NULL, 3);
INSERT INTO public.posts VALUES (16, 'попопопоп', NULL, NULL, '2025-05-25 17:50:43.634795', 'discussion', 3, 5);
INSERT INTO public.posts VALUES (17, 'string', NULL, NULL, '2025-05-25 18:40:30.863248', 'announcement', 1, 3);
INSERT INTO public.posts VALUES (20, 'string', NULL, NULL, '2025-05-25 18:46:30.87198', 'discussion', 6, 3);
INSERT INTO public.posts VALUES (21, 'fghfghfgh', 'image/jpeg', 'http://localhost:9000/posts/b47c0f10-77fa-4700-9601-3e5800f11d2c-_b9f3047e-cfb8-4622-91b9-46168ee66a10.jpeg', '2025-05-25 18:52:11.919442', 'news', 8, 5);
INSERT INTO public.posts VALUES (22, 'string', 'image/jpeg', 'http://localhost:9000/posts/7517ad73-b864-4adc-8db9-a2fdd2a975ef-3da3dfb52cb282b934de498bdbc94760.jpg', '2025-05-27 10:53:36.790619', 'news', NULL, 3);
INSERT INTO public.posts VALUES (18, 'хай', NULL, NULL, '2025-05-25 18:41:04.828796', 'news', 1, 3);
INSERT INTO public.posts VALUES (12, 'всем привет', 'image/jpeg', 'http://localhost:9000/posts/005bbf9c-c60a-46f9-9a0c-e22e6d9ad47d-3da3dfb52cb282b934de498bdbc94760.jpg', '2025-05-23 17:24:25.284106', 'news', NULL, 3);
INSERT INTO public.posts VALUES (19, 'здравствуйте всем', NULL, NULL, '2025-05-25 18:42:59.330206', 'news', NULL, 3);


--
-- TOC entry 5033 (class 0 OID 22080)
-- Dependencies: 240
-- Data for Name: projects; Type: TABLE DATA; Schema: public; Owner: postgres
--

INSERT INTO public.projects VALUES (2, 'http://......', 'разработка серверной логики', 'Backend');
INSERT INTO public.projects VALUES (3, 'http://......', 'разработка клиентской части', 'frontend');
INSERT INTO public.projects VALUES (4, 'http://......', 'девопс настройка', 'devops');


--
-- TOC entry 5035 (class 0 OID 22088)
-- Dependencies: 242
-- Data for Name: skill_confirmation_requests; Type: TABLE DATA; Schema: public; Owner: postgres
--

INSERT INTO public.skill_confirmation_requests VALUES (1, '2025-05-27', 1, 'approved', 3, 3, 2, '2025-05-27');
INSERT INTO public.skill_confirmation_requests VALUES (2, '2025-05-27', 5, 'rejected', 3, 3, 2, '2025-05-27');
INSERT INTO public.skill_confirmation_requests VALUES (3, '2025-05-27', 4, 'rejected', 5, 3, 2, '2025-05-27');
INSERT INTO public.skill_confirmation_requests VALUES (4, '2025-05-27', 4, 'approved', 3, 3, 3, '2025-05-27');
INSERT INTO public.skill_confirmation_requests VALUES (5, '2025-05-25', 5, 'approved', 3, 3, 2, '2025-05-27');


--
-- TOC entry 5036 (class 0 OID 22094)
-- Dependencies: 243
-- Data for Name: skill_grade_descriptions; Type: TABLE DATA; Schema: public; Owner: postgres
--

INSERT INTO public.skill_grade_descriptions VALUES (1, 'Базовый синтаксис...', 2);
INSERT INTO public.skill_grade_descriptions VALUES (2, 'Функции и замыкания...', 2);
INSERT INTO public.skill_grade_descriptions VALUES (5, 'string', 3);
INSERT INTO public.skill_grade_descriptions VALUES (5, 'string', 6);


--
-- TOC entry 5038 (class 0 OID 22100)
-- Dependencies: 245
-- Data for Name: skill_suggestions; Type: TABLE DATA; Schema: public; Owner: postgres
--

INSERT INTO public.skill_suggestions VALUES (1, '2025-05-27', 'Читат', 'string', 'approved', 3, 3);
INSERT INTO public.skill_suggestions VALUES (2, '2025-05-27', 'писат', 'string', 'rejected', 3, 3);
INSERT INTO public.skill_suggestions VALUES (3, '2025-05-27', 'string', 'string', 'rejected', 3, 3);


--
-- TOC entry 5040 (class 0 OID 22109)
-- Dependencies: 247
-- Data for Name: skills; Type: TABLE DATA; Schema: public; Owner: postgres
--

INSERT INTO public.skills VALUES (2, 'JavaScript', 'technical');
INSERT INTO public.skills VALUES (3, 'Java', 'string');
INSERT INTO public.skills VALUES (4, 'Читат', 'string');
INSERT INTO public.skills VALUES (5, 'писат', 'string');
INSERT INTO public.skills VALUES (6, 'string', 'string');


--
-- TOC entry 5042 (class 0 OID 22117)
-- Dependencies: 249
-- Data for Name: subdivisions; Type: TABLE DATA; Schema: public; Owner: postgres
--

INSERT INTO public.subdivisions VALUES (1, 'Development', 1, 3);
INSERT INTO public.subdivisions VALUES (2, 'Testing', 1, 3);
INSERT INTO public.subdivisions VALUES (3, 'Recruitment', 2, 3);
INSERT INTO public.subdivisions VALUES (5, 'subdivision name', 6, 3);


--
-- TOC entry 5048 (class 0 OID 0)
-- Dependencies: 217
-- Name: comments_comment_id_seq; Type: SEQUENCE SET; Schema: public; Owner: postgres
--

SELECT pg_catalog.setval('public.comments_comment_id_seq', 13, true);


--
-- TOC entry 5049 (class 0 OID 0)
-- Dependencies: 219
-- Name: communities_community_id_seq; Type: SEQUENCE SET; Schema: public; Owner: postgres
--

SELECT pg_catalog.setval('public.communities_community_id_seq', 8, true);


--
-- TOC entry 5050 (class 0 OID 0)
-- Dependencies: 222
-- Name: community_membership_requests_request_id_seq; Type: SEQUENCE SET; Schema: public; Owner: postgres
--

SELECT pg_catalog.setval('public.community_membership_requests_request_id_seq', 6, true);


--
-- TOC entry 5051 (class 0 OID 0)
-- Dependencies: 224
-- Name: departments_department_id_seq; Type: SEQUENCE SET; Schema: public; Owner: postgres
--

SELECT pg_catalog.setval('public.departments_department_id_seq', 8, true);


--
-- TOC entry 5052 (class 0 OID 0)
-- Dependencies: 226
-- Name: education_education_id_seq; Type: SEQUENCE SET; Schema: public; Owner: postgres
--

SELECT pg_catalog.setval('public.education_education_id_seq', 5, true);


--
-- TOC entry 5053 (class 0 OID 0)
-- Dependencies: 231
-- Name: employees_employee_id_seq; Type: SEQUENCE SET; Schema: public; Owner: postgres
--

SELECT pg_catalog.setval('public.employees_employee_id_seq', 5, true);


--
-- TOC entry 5054 (class 0 OID 0)
-- Dependencies: 233
-- Name: gratitude_achievements_ga_id_seq; Type: SEQUENCE SET; Schema: public; Owner: postgres
--

SELECT pg_catalog.setval('public.gratitude_achievements_ga_id_seq', 2, true);


--
-- TOC entry 5055 (class 0 OID 0)
-- Dependencies: 215
-- Name: legal_entities_legal_entity_id_seq; Type: SEQUENCE SET; Schema: public; Owner: postgres
--

SELECT pg_catalog.setval('public.legal_entities_legal_entity_id_seq', 4, true);


--
-- TOC entry 5056 (class 0 OID 0)
-- Dependencies: 235
-- Name: likes_like_id_seq; Type: SEQUENCE SET; Schema: public; Owner: postgres
--

SELECT pg_catalog.setval('public.likes_like_id_seq', 6, true);


--
-- TOC entry 5057 (class 0 OID 0)
-- Dependencies: 237
-- Name: posts_post_id_seq; Type: SEQUENCE SET; Schema: public; Owner: postgres
--

SELECT pg_catalog.setval('public.posts_post_id_seq', 22, true);


--
-- TOC entry 5058 (class 0 OID 0)
-- Dependencies: 239
-- Name: projects_project_id_seq; Type: SEQUENCE SET; Schema: public; Owner: postgres
--

SELECT pg_catalog.setval('public.projects_project_id_seq', 4, true);


--
-- TOC entry 5059 (class 0 OID 0)
-- Dependencies: 241
-- Name: skill_confirmation_requests_request_id_seq; Type: SEQUENCE SET; Schema: public; Owner: postgres
--

SELECT pg_catalog.setval('public.skill_confirmation_requests_request_id_seq', 5, true);


--
-- TOC entry 5060 (class 0 OID 0)
-- Dependencies: 244
-- Name: skill_suggestions_suggestion_id_seq; Type: SEQUENCE SET; Schema: public; Owner: postgres
--

SELECT pg_catalog.setval('public.skill_suggestions_suggestion_id_seq', 3, true);


--
-- TOC entry 5061 (class 0 OID 0)
-- Dependencies: 246
-- Name: skills_skill_id_seq; Type: SEQUENCE SET; Schema: public; Owner: postgres
--

SELECT pg_catalog.setval('public.skills_skill_id_seq', 8, true);


--
-- TOC entry 5062 (class 0 OID 0)
-- Dependencies: 248
-- Name: subdivisions_subdivision_id_seq; Type: SEQUENCE SET; Schema: public; Owner: postgres
--

SELECT pg_catalog.setval('public.subdivisions_subdivision_id_seq', 6, true);


--
-- TOC entry 4793 (class 2606 OID 22293)
-- Name: comments comments_pkey; Type: CONSTRAINT; Schema: public; Owner: postgres
--

ALTER TABLE ONLY public.comments
    ADD CONSTRAINT comments_pkey PRIMARY KEY (comment_id);


--
-- TOC entry 4795 (class 2606 OID 21995)
-- Name: communities communities_pkey; Type: CONSTRAINT; Schema: public; Owner: postgres
--

ALTER TABLE ONLY public.communities
    ADD CONSTRAINT communities_pkey PRIMARY KEY (community_id);


--
-- TOC entry 4797 (class 2606 OID 22001)
-- Name: community_members community_members_pkey; Type: CONSTRAINT; Schema: public; Owner: postgres
--

ALTER TABLE ONLY public.community_members
    ADD CONSTRAINT community_members_pkey PRIMARY KEY (community_id, employee_id);


--
-- TOC entry 4799 (class 2606 OID 22008)
-- Name: community_membership_requests community_membership_requests_pkey; Type: CONSTRAINT; Schema: public; Owner: postgres
--

ALTER TABLE ONLY public.community_membership_requests
    ADD CONSTRAINT community_membership_requests_pkey PRIMARY KEY (request_id);


--
-- TOC entry 4801 (class 2606 OID 22014)
-- Name: departments departments_pkey; Type: CONSTRAINT; Schema: public; Owner: postgres
--

ALTER TABLE ONLY public.departments
    ADD CONSTRAINT departments_pkey PRIMARY KEY (department_id);


--
-- TOC entry 4803 (class 2606 OID 22022)
-- Name: education education_pkey; Type: CONSTRAINT; Schema: public; Owner: postgres
--

ALTER TABLE ONLY public.education
    ADD CONSTRAINT education_pkey PRIMARY KEY (education_id);


--
-- TOC entry 4805 (class 2606 OID 22030)
-- Name: employee_profiles employee_profiles_pkey; Type: CONSTRAINT; Schema: public; Owner: postgres
--

ALTER TABLE ONLY public.employee_profiles
    ADD CONSTRAINT employee_profiles_pkey PRIMARY KEY (employee_id);


--
-- TOC entry 4807 (class 2606 OID 22035)
-- Name: employee_projects employee_projects_pkey; Type: CONSTRAINT; Schema: public; Owner: postgres
--

ALTER TABLE ONLY public.employee_projects
    ADD CONSTRAINT employee_projects_pkey PRIMARY KEY (employee_id, project_id);


--
-- TOC entry 4809 (class 2606 OID 22044)
-- Name: employee_skills employee_skills_pkey; Type: CONSTRAINT; Schema: public; Owner: postgres
--

ALTER TABLE ONLY public.employee_skills
    ADD CONSTRAINT employee_skills_pkey PRIMARY KEY (employee_id, skill_id);


--
-- TOC entry 4811 (class 2606 OID 22054)
-- Name: employees employees_pkey; Type: CONSTRAINT; Schema: public; Owner: postgres
--

ALTER TABLE ONLY public.employees
    ADD CONSTRAINT employees_pkey PRIMARY KEY (employee_id);


--
-- TOC entry 4813 (class 2606 OID 22063)
-- Name: gratitude_achievements gratitude_achievements_pkey; Type: CONSTRAINT; Schema: public; Owner: postgres
--

ALTER TABLE ONLY public.gratitude_achievements
    ADD CONSTRAINT gratitude_achievements_pkey PRIMARY KEY (ga_id);


--
-- TOC entry 4791 (class 2606 OID 21980)
-- Name: legal_entities legal_entities_pkey; Type: CONSTRAINT; Schema: public; Owner: postgres
--

ALTER TABLE ONLY public.legal_entities
    ADD CONSTRAINT legal_entities_pkey PRIMARY KEY (legal_entity_id);


--
-- TOC entry 4815 (class 2606 OID 22069)
-- Name: likes likes_pkey; Type: CONSTRAINT; Schema: public; Owner: postgres
--

ALTER TABLE ONLY public.likes
    ADD CONSTRAINT likes_pkey PRIMARY KEY (like_id);


--
-- TOC entry 4817 (class 2606 OID 22078)
-- Name: posts posts_pkey; Type: CONSTRAINT; Schema: public; Owner: postgres
--

ALTER TABLE ONLY public.posts
    ADD CONSTRAINT posts_pkey PRIMARY KEY (post_id);


--
-- TOC entry 4819 (class 2606 OID 22086)
-- Name: projects projects_pkey; Type: CONSTRAINT; Schema: public; Owner: postgres
--

ALTER TABLE ONLY public.projects
    ADD CONSTRAINT projects_pkey PRIMARY KEY (project_id);


--
-- TOC entry 4821 (class 2606 OID 22093)
-- Name: skill_confirmation_requests skill_confirmation_requests_pkey; Type: CONSTRAINT; Schema: public; Owner: postgres
--

ALTER TABLE ONLY public.skill_confirmation_requests
    ADD CONSTRAINT skill_confirmation_requests_pkey PRIMARY KEY (request_id);


--
-- TOC entry 4823 (class 2606 OID 22098)
-- Name: skill_grade_descriptions skill_grade_descriptions_pkey; Type: CONSTRAINT; Schema: public; Owner: postgres
--

ALTER TABLE ONLY public.skill_grade_descriptions
    ADD CONSTRAINT skill_grade_descriptions_pkey PRIMARY KEY (grade, skill_id);


--
-- TOC entry 4825 (class 2606 OID 22107)
-- Name: skill_suggestions skill_suggestions_pkey; Type: CONSTRAINT; Schema: public; Owner: postgres
--

ALTER TABLE ONLY public.skill_suggestions
    ADD CONSTRAINT skill_suggestions_pkey PRIMARY KEY (suggestion_id);


--
-- TOC entry 4827 (class 2606 OID 22115)
-- Name: skills skills_pkey; Type: CONSTRAINT; Schema: public; Owner: postgres
--

ALTER TABLE ONLY public.skills
    ADD CONSTRAINT skills_pkey PRIMARY KEY (skill_id);


--
-- TOC entry 4831 (class 2606 OID 22121)
-- Name: subdivisions subdivisions_pkey; Type: CONSTRAINT; Schema: public; Owner: postgres
--

ALTER TABLE ONLY public.subdivisions
    ADD CONSTRAINT subdivisions_pkey PRIMARY KEY (subdivision_id);


--
-- TOC entry 4829 (class 2606 OID 22123)
-- Name: skills uk85woe63nu9klkk9fa73vf0jd0; Type: CONSTRAINT; Schema: public; Owner: postgres
--

ALTER TABLE ONLY public.skills
    ADD CONSTRAINT uk85woe63nu9klkk9fa73vf0jd0 UNIQUE (name);


--
-- TOC entry 4837 (class 2606 OID 22159)
-- Name: community_membership_requests fk25vh6s8u6a3pp1ohnomclf1hd; Type: FK CONSTRAINT; Schema: public; Owner: postgres
--

ALTER TABLE ONLY public.community_membership_requests
    ADD CONSTRAINT fk25vh6s8u6a3pp1ohnomclf1hd FOREIGN KEY (employee_id) REFERENCES public.employees(employee_id);


--
-- TOC entry 4847 (class 2606 OID 22214)
-- Name: employees fk2q9drrvhye5m5ivk5h6re2b4i; Type: FK CONSTRAINT; Schema: public; Owner: postgres
--

ALTER TABLE ONLY public.employees
    ADD CONSTRAINT fk2q9drrvhye5m5ivk5h6re2b4i FOREIGN KEY (supervisor_id) REFERENCES public.employees(employee_id);


--
-- TOC entry 4834 (class 2606 OID 22134)
-- Name: communities fk4dd1rafmuixm4ejl1vgfsvcht; Type: FK CONSTRAINT; Schema: public; Owner: postgres
--

ALTER TABLE ONLY public.communities
    ADD CONSTRAINT fk4dd1rafmuixm4ejl1vgfsvcht FOREIGN KEY (creator_id) REFERENCES public.employees(employee_id);


--
-- TOC entry 4851 (class 2606 OID 22219)
-- Name: gratitude_achievements fk5cxawvduhi40xm442oaxw100j; Type: FK CONSTRAINT; Schema: public; Owner: postgres
--

ALTER TABLE ONLY public.gratitude_achievements
    ADD CONSTRAINT fk5cxawvduhi40xm442oaxw100j FOREIGN KEY (receiver_id) REFERENCES public.employees(employee_id);


--
-- TOC entry 4843 (class 2606 OID 22184)
-- Name: employee_projects fk5qvhtbabqqm0eko03y1edw0ov; Type: FK CONSTRAINT; Schema: public; Owner: postgres
--

ALTER TABLE ONLY public.employee_projects
    ADD CONSTRAINT fk5qvhtbabqqm0eko03y1edw0ov FOREIGN KEY (employee_id) REFERENCES public.employees(employee_id);


--
-- TOC entry 4863 (class 2606 OID 22284)
-- Name: subdivisions fk6lold5yds0o3bdq8mvr9glwl9; Type: FK CONSTRAINT; Schema: public; Owner: postgres
--

ALTER TABLE ONLY public.subdivisions
    ADD CONSTRAINT fk6lold5yds0o3bdq8mvr9glwl9 FOREIGN KEY (head_id) REFERENCES public.employees(employee_id);


--
-- TOC entry 4855 (class 2606 OID 22239)
-- Name: posts fk7rk45ficmsfhe8n1dojvqt6ui; Type: FK CONSTRAINT; Schema: public; Owner: postgres
--

ALTER TABLE ONLY public.posts
    ADD CONSTRAINT fk7rk45ficmsfhe8n1dojvqt6ui FOREIGN KEY (community_id) REFERENCES public.communities(community_id);


--
-- TOC entry 4845 (class 2606 OID 22194)
-- Name: employee_skills fk8anwsnenk9d8nirjuov0ywinb; Type: FK CONSTRAINT; Schema: public; Owner: postgres
--

ALTER TABLE ONLY public.employee_skills
    ADD CONSTRAINT fk8anwsnenk9d8nirjuov0ywinb FOREIGN KEY (skill_id) REFERENCES public.skills(skill_id);


--
-- TOC entry 4852 (class 2606 OID 22224)
-- Name: gratitude_achievements fk8cmi104gu6eaf03133ddagykg; Type: FK CONSTRAINT; Schema: public; Owner: postgres
--

ALTER TABLE ONLY public.gratitude_achievements
    ADD CONSTRAINT fk8cmi104gu6eaf03133ddagykg FOREIGN KEY (sender_id) REFERENCES public.employees(employee_id);


--
-- TOC entry 4857 (class 2606 OID 22249)
-- Name: skill_confirmation_requests fk8n868gfky02csoidf5mfguejt; Type: FK CONSTRAINT; Schema: public; Owner: postgres
--

ALTER TABLE ONLY public.skill_confirmation_requests
    ADD CONSTRAINT fk8n868gfky02csoidf5mfguejt FOREIGN KEY (approver_id) REFERENCES public.employees(employee_id);


--
-- TOC entry 4864 (class 2606 OID 22279)
-- Name: subdivisions fkbfy34dwhnkdfnpkgke25jemdf; Type: FK CONSTRAINT; Schema: public; Owner: postgres
--

ALTER TABLE ONLY public.subdivisions
    ADD CONSTRAINT fkbfy34dwhnkdfnpkgke25jemdf FOREIGN KEY (department_id) REFERENCES public.departments(department_id);


--
-- TOC entry 4840 (class 2606 OID 22164)
-- Name: departments fkbl8pi22vx8dv15r86mf4m9gdp; Type: FK CONSTRAINT; Schema: public; Owner: postgres
--

ALTER TABLE ONLY public.departments
    ADD CONSTRAINT fkbl8pi22vx8dv15r86mf4m9gdp FOREIGN KEY (head_id) REFERENCES public.employees(employee_id);


--
-- TOC entry 4842 (class 2606 OID 22174)
-- Name: employee_profiles fkbsf1vnyr7w3s3n2ddbxgvcipc; Type: FK CONSTRAINT; Schema: public; Owner: postgres
--

ALTER TABLE ONLY public.employee_profiles
    ADD CONSTRAINT fkbsf1vnyr7w3s3n2ddbxgvcipc FOREIGN KEY (employee_id) REFERENCES public.employees(employee_id);


--
-- TOC entry 4835 (class 2606 OID 22144)
-- Name: community_members fkbwgcxp3kvsbo9fc2ipmf57bo5; Type: FK CONSTRAINT; Schema: public; Owner: postgres
--

ALTER TABLE ONLY public.community_members
    ADD CONSTRAINT fkbwgcxp3kvsbo9fc2ipmf57bo5 FOREIGN KEY (employee_id) REFERENCES public.employees(employee_id);


--
-- TOC entry 4832 (class 2606 OID 22124)
-- Name: comments fke0wstlknu06ggybtbb4uw6d7c; Type: FK CONSTRAINT; Schema: public; Owner: postgres
--

ALTER TABLE ONLY public.comments
    ADD CONSTRAINT fke0wstlknu06ggybtbb4uw6d7c FOREIGN KEY (employee_id) REFERENCES public.employees(employee_id);


--
-- TOC entry 4841 (class 2606 OID 22169)
-- Name: education fkeny3cpu030u9rofbsm09ud4n7; Type: FK CONSTRAINT; Schema: public; Owner: postgres
--

ALTER TABLE ONLY public.education
    ADD CONSTRAINT fkeny3cpu030u9rofbsm09ud4n7 FOREIGN KEY (employee_id) REFERENCES public.employees(employee_id);


--
-- TOC entry 4838 (class 2606 OID 22149)
-- Name: community_membership_requests fkf0lcaogr7xlf0y5fpx17mq7fg; Type: FK CONSTRAINT; Schema: public; Owner: postgres
--

ALTER TABLE ONLY public.community_membership_requests
    ADD CONSTRAINT fkf0lcaogr7xlf0y5fpx17mq7fg FOREIGN KEY (approver_id) REFERENCES public.employees(employee_id);


--
-- TOC entry 4846 (class 2606 OID 22189)
-- Name: employee_skills fkf1412wfxc2xjq9gbfm6v0op0; Type: FK CONSTRAINT; Schema: public; Owner: postgres
--

ALTER TABLE ONLY public.employee_skills
    ADD CONSTRAINT fkf1412wfxc2xjq9gbfm6v0op0 FOREIGN KEY (employee_id) REFERENCES public.employees(employee_id);


--
-- TOC entry 4858 (class 2606 OID 22259)
-- Name: skill_confirmation_requests fkflr63yu7ljfilsldom78qjwyo; Type: FK CONSTRAINT; Schema: public; Owner: postgres
--

ALTER TABLE ONLY public.skill_confirmation_requests
    ADD CONSTRAINT fkflr63yu7ljfilsldom78qjwyo FOREIGN KEY (skill_id) REFERENCES public.skills(skill_id);


--
-- TOC entry 4848 (class 2606 OID 22209)
-- Name: employees fkg3v2r6i8aijwvcmp0l97iyj5l; Type: FK CONSTRAINT; Schema: public; Owner: postgres
--

ALTER TABLE ONLY public.employees
    ADD CONSTRAINT fkg3v2r6i8aijwvcmp0l97iyj5l FOREIGN KEY (subdivision_id) REFERENCES public.subdivisions(subdivision_id);


--
-- TOC entry 4859 (class 2606 OID 22254)
-- Name: skill_confirmation_requests fkgkf0ca5wym6t9g8qlpnxm3jfg; Type: FK CONSTRAINT; Schema: public; Owner: postgres
--

ALTER TABLE ONLY public.skill_confirmation_requests
    ADD CONSTRAINT fkgkf0ca5wym6t9g8qlpnxm3jfg FOREIGN KEY (employee_id) REFERENCES public.employees(employee_id);


--
-- TOC entry 4849 (class 2606 OID 22204)
-- Name: employees fkgp2q57cd5v6j70ip4dju6aya1; Type: FK CONSTRAINT; Schema: public; Owner: postgres
--

ALTER TABLE ONLY public.employees
    ADD CONSTRAINT fkgp2q57cd5v6j70ip4dju6aya1 FOREIGN KEY (legal_entity_id) REFERENCES public.legal_entities(legal_entity_id);


--
-- TOC entry 4850 (class 2606 OID 22199)
-- Name: employees fkgy4qe3dnqrm3ktd76sxp7n4c2; Type: FK CONSTRAINT; Schema: public; Owner: postgres
--

ALTER TABLE ONLY public.employees
    ADD CONSTRAINT fkgy4qe3dnqrm3ktd76sxp7n4c2 FOREIGN KEY (department_id) REFERENCES public.departments(department_id);


--
-- TOC entry 4833 (class 2606 OID 22129)
-- Name: comments fkh4c7lvsc298whoyd4w9ta25cr; Type: FK CONSTRAINT; Schema: public; Owner: postgres
--

ALTER TABLE ONLY public.comments
    ADD CONSTRAINT fkh4c7lvsc298whoyd4w9ta25cr FOREIGN KEY (post_id) REFERENCES public.posts(post_id);


--
-- TOC entry 4853 (class 2606 OID 22229)
-- Name: likes fkj1c196w92a949gsjfao48uldc; Type: FK CONSTRAINT; Schema: public; Owner: postgres
--

ALTER TABLE ONLY public.likes
    ADD CONSTRAINT fkj1c196w92a949gsjfao48uldc FOREIGN KEY (employee_id) REFERENCES public.employees(employee_id);


--
-- TOC entry 4860 (class 2606 OID 22264)
-- Name: skill_grade_descriptions fkkt9eacnhflju3mlftrgqksiv1; Type: FK CONSTRAINT; Schema: public; Owner: postgres
--

ALTER TABLE ONLY public.skill_grade_descriptions
    ADD CONSTRAINT fkkt9eacnhflju3mlftrgqksiv1 FOREIGN KEY (skill_id) REFERENCES public.skills(skill_id);


--
-- TOC entry 4861 (class 2606 OID 22274)
-- Name: skill_suggestions fklu9tskqbw58sp0dx7qc7wejy9; Type: FK CONSTRAINT; Schema: public; Owner: postgres
--

ALTER TABLE ONLY public.skill_suggestions
    ADD CONSTRAINT fklu9tskqbw58sp0dx7qc7wejy9 FOREIGN KEY (suggested_by) REFERENCES public.employees(employee_id);


--
-- TOC entry 4844 (class 2606 OID 22179)
-- Name: employee_projects fknxw95o16xcyxe3qaiy1tyarnc; Type: FK CONSTRAINT; Schema: public; Owner: postgres
--

ALTER TABLE ONLY public.employee_projects
    ADD CONSTRAINT fknxw95o16xcyxe3qaiy1tyarnc FOREIGN KEY (project_id) REFERENCES public.projects(project_id);


--
-- TOC entry 4856 (class 2606 OID 22244)
-- Name: posts fkny9wmi9yhp58068labnkli130; Type: FK CONSTRAINT; Schema: public; Owner: postgres
--

ALTER TABLE ONLY public.posts
    ADD CONSTRAINT fkny9wmi9yhp58068labnkli130 FOREIGN KEY (employee_id) REFERENCES public.employees(employee_id);


--
-- TOC entry 4862 (class 2606 OID 22269)
-- Name: skill_suggestions fkoa0yk2btj4pda1de8oh7jisyh; Type: FK CONSTRAINT; Schema: public; Owner: postgres
--

ALTER TABLE ONLY public.skill_suggestions
    ADD CONSTRAINT fkoa0yk2btj4pda1de8oh7jisyh FOREIGN KEY (approved_by) REFERENCES public.employees(employee_id);


--
-- TOC entry 4836 (class 2606 OID 22139)
-- Name: community_members fkqn9g17tqcwnoy41o2am9fnlep; Type: FK CONSTRAINT; Schema: public; Owner: postgres
--

ALTER TABLE ONLY public.community_members
    ADD CONSTRAINT fkqn9g17tqcwnoy41o2am9fnlep FOREIGN KEY (community_id) REFERENCES public.communities(community_id);


--
-- TOC entry 4854 (class 2606 OID 22234)
-- Name: likes fkry8tnr4x2vwemv2bb0h5hyl0x; Type: FK CONSTRAINT; Schema: public; Owner: postgres
--

ALTER TABLE ONLY public.likes
    ADD CONSTRAINT fkry8tnr4x2vwemv2bb0h5hyl0x FOREIGN KEY (post_id) REFERENCES public.posts(post_id);


--
-- TOC entry 4839 (class 2606 OID 22154)
-- Name: community_membership_requests fkss1g2strvima43qi8qaa0ireq; Type: FK CONSTRAINT; Schema: public; Owner: postgres
--

ALTER TABLE ONLY public.community_membership_requests
    ADD CONSTRAINT fkss1g2strvima43qi8qaa0ireq FOREIGN KEY (community_id) REFERENCES public.communities(community_id);


-- Completed on 2025-06-11 16:47:07

--
-- PostgreSQL database dump complete
--

